



INSERT INTO "solar_panel_requests" ("id", "status", "created_at", "creator_id", "formation_date", "delete_date", "completion_date", "rejection_date", "moderator_id", "total_power", "insolation") VALUES
(1,	'черновик',	'2025-09-19 08:00:00+00',	1,	'2025-09-19 09:00:00+00',	NULL,	NULL,	NULL,	NULL,	80.0,	4.5),
(2,	'в обработке',	'2025-09-19 09:30:00+00',	2,	'2025-09-19 10:00:00+00',	NULL,	NULL,	NULL,	3,	320.0,	5.0),
(3,	'отменен',	'2025-09-19 11:00:00+00',	1,	'2025-09-19 11:30:00+00',	NULL,	'2025-09-19 12:30:00+00',	NULL,	3,	60.0,	3.9),
(4,	'завершен',	'2025-09-19 14:00:00+00',	2,	'2025-09-19 14:10:00+00',	NULL,	NULL,	'2025-09-19 15:10:00+00',	3,	140.0,	3.1);


INSERT INTO "solar_panels" ("id", "title", "type", "description", "power", "size", "efficiency", "image", "is_delete") VALUES
(1,	'Монокристаллическая панель',	'Монокристаллическая',	'Высокоэффективная панель из монокристаллов, подходящая для ограниченных пространств.',	50,	'1640×992×35',	'20-22',	'http://172.20.0.5:9000/images/mono.jpeg',	'1'),
(2,	'Поликристаллическая панель',	'Поликристаллическая',	'Надежная панель с хорошим соотношением цена/качество, широко используется.',	280,	'1650×998×35',	'18-20',	'http://172.20.0.5:9000/images/poly.jpeg',	'1'),
(3,	'Тонкопленочная панель',	'Тонкопленочная',	'Гибкая и легкая панель, эффективна при рассеянном солнечном свете.',	40,	'1200×600×6',	'12-15',	'http://172.20.0.5:9000/images/tonko.jpeg',	'1'),
(4,	'Солнечная панель премиум',	'Монокристаллическая',	'Панель премиум-класса с повышенной эффективностью и долговечностью.',	60,	'1700×1000×40',	'21-23',	'http://172.20.0.5:9000/images/premium_mono.png',	'1');


INSERT INTO "users" ("id", "login", "password", "is_moderator") VALUES
(1,	'ivanov',	'hashedpass1',	'0'),
(2,	'petrov',	'hashedpass2',	'0'),
(3,	'admin',	'hashedadmin',	'1');


INSERT INTO "request_panels" ("solar_panel_request_id", "solar_panel_id", "area") VALUES
(1,	1,	10.5),
(1,	3,	5.2),
(2,	2,	15.0),
(2,	1,	6.0),
(3,	4,	4.0),
(4,	2,	12.5),
(4,	3,	3.3);